web-scraper-order,web-scraper-start-url,handle,name,content,replies,retweets,favorites,unix_timestamp,published_date,url
"1556736545-3267","https://twitter.com/search?l=&q=black%20panther%20%23blackpanther%20since%3A2019-01-29%20until%3A2019-02-09&src=typd","@FrimpongAkwasi","Akwasi Frimpong OLY","My progress this year on the skeleton sled ! #blackpanther on ice! #hopeofabillion @doterra @olympicchannel @IBSFsliding @GhanaOlympicpic.twitter.com/mvzGYxaopx","","12","61","1549557369000","8:36 AM - 7 Feb 2019","/FrimpongAkwasi/status/1093548983102857216"
"1556736545-3275","https://twitter.com/search?l=&q=black%20panther%20%23blackpanther%20since%3A2019-01-29%20until%3A2019-02-09&src=typd","@FUCKKEN","×凛×","by nutpizs
#killmonger #erikkillmonger #blackpanther pic.twitter.com/U4L6vbSXlu","1","25","131","1549478005000","10:33 AM - 6 Feb 2019","/FUCKKEN/status/1093216106121056256"
"1556736545-3274","https://twitter.com/search?l=&q=black%20panther%20%23blackpanther%20since%3A2019-01-29%20until%3A2019-02-09&src=typd","@TheWalkingDead","The Walking Dead","Watch @DanaiGurira talk #TheWalkingDead, #BlackPanther, and #LoveOurGirls on @GMA this morning! http://bit.ly/DanaiGMA pic.twitter.com/kKnUocJfRf","15","75","457","1549481871000","11:37 AM - 6 Feb 2019","/TheWalkingDead/status/1093232323691130880"
"1556736545-3286","https://twitter.com/search?l=&q=black%20panther%20%23blackpanther%20since%3A2019-01-29%20until%3A2019-02-09&src=typd","@TheMarvelReport","The Marvel Report","#BlackPanther Costume Designer Ruth E. Carter is Coming to @LACMA https://bit.ly/2Dq9u1t pic.twitter.com/a5yO6Ct2zE","","11","34","1549562400000","10:00 AM - 7 Feb 2019","/TheMarvelReport/status/1093570087154372608"
"1556736545-3310","https://twitter.com/search?l=&q=black%20panther%20%23blackpanther%20since%3A2019-01-29%20until%3A2019-02-09&src=typd","@chadwickboseman","Chadwick Boseman","“You're a good man with a good heart. And it's hard for a good man to be king.” - T'Chaka #BlackPanther @AtandwaKani #JohnKani #FBFpic.twitter.com/MM5A1cOdKF","102","1.3K","11K","1549074559000","6:29 PM - 1 Feb 2019","/chadwickboseman/status/1091523931134136324"
"1556736545-3316","https://twitter.com/search?l=&q=black%20panther%20%23blackpanther%20since%3A2019-01-29%20until%3A2019-02-09&src=typd","@BishopCosplay","Bishop Cosplay","Good morning! It's February 1st and you know what time it is!
let's start off #28daysofblackcosplay with Queen Mother Ramonda!
#blackpanther 
#wakandaforever 
#cosplayer 
#blackcosplayer 
#blackcreatives 
#cosplayingwhileblack 
#poccosplay 
#cosplay 
#blackexcellence 
#cosplaypic.twitter.com/GbIR32uZTI","","134","300","1549017205000","2:33 AM - 1 Feb 2019","/BishopCosplay/status/1091283372800991234"
"1556736545-3284","https://twitter.com/search?l=&q=black%20panther%20%23blackpanther%20since%3A2019-01-29%20until%3A2019-02-09&src=typd","@THR","Hollywood Reporter","African-American film critics celebrate Quincy Jones, #BlackPanther http://thr.cm/nphb9m pic.twitter.com/EVz6xofwWV","1","11","52","1549569103000","11:51 AM - 7 Feb 2019","/THR/status/1093598200664150016"
"1556736545-3348","https://twitter.com/search?l=&q=black%20panther%20%23blackpanther%20since%3A2019-01-29%20until%3A2019-02-09&src=typd","@Lupita_Nyongo","Lupita Nyong'o","#BlackPanther
Get tickets: http://weticketit.com/blackpanther https://twitter.com/RobertIger/status/1089976483316084737 …","17","213","1.1K","1548727731000","6:08 PM - 28 Jan 2019","/Lupita_Nyongo/status/1090069229603188737"
"1556736545-3317","https://twitter.com/search?l=&q=black%20panther%20%23blackpanther%20since%3A2019-01-29%20until%3A2019-02-09&src=typd","@EscoBlades","Andrien Gbinigie","For #28DaysOfBlackCosplay this year, i’m starting with a side by side shot of my #BlackPanther taken by @lucidvphotos 

Vic and I really get deep into character research to come up with poses we want to recreate in our photoshoots.

This was my first ever cosplay.pic.twitter.com/KZxPZWeKLU","27","299","938","1549005754000","11:22 PM - 31 Jan 2019","/EscoBlades/status/1091235341317619717"
"1556736545-3354","https://twitter.com/search?l=&q=black%20panther%20%23blackpanther%20since%3A2019-01-29%20until%3A2019-02-09&src=typd","@TheRoot","The Root","250 AMC Theaters across the U.S. will be hosting free screenings of #BlackPanther during the first week of February.

START YOUR #BlackHistoryMonth IN WAKANDA! https://trib.al/G6eD5FK pic.twitter.com/46ac4AkpgF","5","165","316","1548721809000","4:30 PM - 28 Jan 2019","/TheRoot/status/1090044389429313541"
"1556736545-3334","https://twitter.com/search?l=&q=black%20panther%20%23blackpanther%20since%3A2019-01-29%20until%3A2019-02-09&src=typd","@RottenTomatoes","Rotten Tomatoes","After the #SAGAwards, #BlackPanther moved to #4 on our awards leaderboard: https://editorial.rottentomatoes.com/article/awards-leaderboard-top-movies-of-2018/?cmp=TWRT_Edit_Awards_Leaderboard …pic.twitter.com/59t4bfLoi0","16","73","282","1548784079000","9:47 AM - 29 Jan 2019","/RottenTomatoes/status/1090305571595739138"
"1556736545-3311","https://twitter.com/search?l=&q=black%20panther%20%23blackpanther%20since%3A2019-01-29%20until%3A2019-02-09&src=typd","@AMCTheatres","AMC Theatres","In honor of #BlackHistoryMonth, we’re bringing #BlackPanther back to the big screen! Enjoy the @MarvelStudios Oscar® Best-Picture Nominee at select #AMCTheatres February 1-7. Reserve your tickets now - http://bit.ly/2sPtW6X pic.twitter.com/IP2fKLJZSm","2","30","85","1549047846000","11:04 AM - 1 Feb 2019","/AMCTheatres/status/1091411887923748864"
"1556736545-3280","https://twitter.com/search?l=&q=black%20panther%20%23blackpanther%20since%3A2019-01-29%20until%3A2019-02-09&src=typd","@FredTJoseph","Ser Frederick Joseph, Ward of Arya","I held an online giveaway with @BrandonTSnider for autographed copies of his #BlackPanther book. @Hasbro and others jumped in a donated a ton of toys and books to add!

We chose 2 awesome children, 2 classrooms, and 3 libraries around the country. But, we aren’t done...pic.twitter.com/Yf5NTZCpjW","2","7","21","1549639772000","7:29 AM - 8 Feb 2019","/FredTJoseph/status/1093894607484657667"
"1556736545-3330","https://twitter.com/search?l=&q=black%20panther%20%23blackpanther%20since%3A2019-01-29%20until%3A2019-02-09&src=typd","@ABC7","ABC7 Eyewitness News","#BlackPanther is coming back to theaters Feb. 1-7 in honor of #BlackHistoryMonth and tickets are FREE http://abc7.la/2TkmRH4 pic.twitter.com/k9AOlqVtyv","1","28","103","1548794008000","12:33 PM - 29 Jan 2019","/ABC7/status/1090347215464230912"
"1556736545-3264","https://twitter.com/search?l=&q=black%20panther%20%23blackpanther%20since%3A2019-01-29%20until%3A2019-02-09&src=typd","@IWriteAllDay_","Clarkisha Kent: A Girl Knows No Death","It has been a solid year since I wrote this piece about how #BlackPanther took on White AND Black Hollywood’s perpetuation of colorism & color-struck politics with its’ chest and that’s just one of many reasons that it deserves its’ Best Picture nod.

 https://m.huffpost.com/us/entry/us_5a7a090ce4b0d0ef3c0a2049 …","2","44","139","1549644105000","8:41 AM - 8 Feb 2019","/IWriteAllDay_/status/1093912781399588865"
"1556736545-3304","https://twitter.com/search?l=&q=black%20panther%20%23blackpanther%20since%3A2019-01-29%20until%3A2019-02-09&src=typd","@MarvelStudios","Marvel Studios","Congratulations to #BlackPanther and Hannah Beachler on winning the #ADGAward for Best Production Design in a Fantasy Feature Film!pic.twitter.com/21tTDleAhW","53","1.4K","12K","1549175051000","10:24 PM - 2 Feb 2019","/MarvelStudios/status/1091945425010130946"
"1556736545-3341","https://twitter.com/search?l=&q=black%20panther%20%23blackpanther%20since%3A2019-01-29%20until%3A2019-02-09&src=typd","@chadwickboseman","Chadwick Boseman","The full #BlackPanther fam wasn’t able to celebrate at the #SAGAwards,but I want to recognize everyone. Without @LetitiaWright #DanielKaluuya #MartinFreeman @Winston_Duke @ForestWhitaker, stunt performers, day players &the remaining cast, last night wouldn't have been possible.pic.twitter.com/piEG8tXg4q","157","2.4K","15K","1548745581000","11:06 PM - 28 Jan 2019","/chadwickboseman/status/1090144097464172544"
"1556736545-3278","https://twitter.com/search?l=&q=black%20panther%20%23blackpanther%20since%3A2019-01-29%20until%3A2019-02-09&src=typd","@AfuaRichardson","Afua Richardson is DoctaFoo","I'm so excited about going to @emeraldcitycon 2019 this March. I think it's time to roll out my rendition of the Queen mother #BlackPanther Cosplay guys... pic.twitter.com/kgrU5ZB834","9","13","82","1549415310000","5:08 PM - 5 Feb 2019","/AfuaRichardson/status/1092953143485386752"
"1556736545-3261","https://twitter.com/search?l=&q=black%20panther%20%23blackpanther%20since%3A2019-01-29%20until%3A2019-02-09&src=typd","@VettriTheatres","Rakesh Gowthaman","#MCU movies request ranking % based on comments
(#InfinityWar & #Avengers already freezed)

#CivilWar 22%
#ThorRagnarok 17%
#BlackPanther 16%
#DrStrange 16%
#GOTG V1 8%
#IronMan 2008 7%
#WinterSoldier 4%
#IronMan 3 4%
#AgeofUltron 3%
#AntManandtheWasp 2%","13","4","195","1549426294000","8:11 PM - 5 Feb 2019","/VettriTheatres/status/1092999213296771073"
"1556736545-3338","https://twitter.com/search?l=&q=black%20panther%20%23blackpanther%20since%3A2019-01-29%20until%3A2019-02-09&src=typd","@ABC7","ABC7 Eyewitness News","#BlackPanther is coming back to theaters Feb. 1-7 in honor of #BlackHistoryMonth and tickets are FREE https://abc7.la/2TkmRH4 pic.twitter.com/KeiAVEkX2K","9","106","288","1548775158000","7:19 AM - 29 Jan 2019","/ABC7/status/1090268151286099968"
"1556736545-3300","https://twitter.com/search?l=&q=black%20panther%20%23blackpanther%20since%3A2019-01-29%20until%3A2019-02-09&src=typd","@nancywyuen","Nancy Wang Yuen","Join me for my first #SXSW next month to talk #CrazyRichAsians and #BlackPanther. SXSW made our session #CrazyRichWakanda the TOP highlighted ""Film & TV Industry Session""!  
Panelists: @jumpedforjoi, @1christinehoang, @FredTJoseph 
https://www.sxsw.com/film/2018/representation-film-ecosystems-and-social-media-movements-film-tv-industry-track-sessions-for-sxsw-2019/ …pic.twitter.com/qYOu9wIhPq","2","16","45","1549253369000","8:09 PM - 3 Feb 2019","/nancywyuen/status/1092273915831803904"
"1556736545-3277","https://twitter.com/search?l=&q=black%20panther%20%23blackpanther%20since%3A2019-01-29%20until%3A2019-02-09&src=typd","@GMA","Good Morning America","COMING UP ON @GMA: #WakandaForever! @DanaiGurira is here LIVE in Times Square!

#BlackPantherOnGMA
#BlackPanther pic.twitter.com/O0wXtLav0N","6","23","85","1549453885000","3:51 AM - 6 Feb 2019","/GMA/status/1093114938271432704"
"1556736545-3328","https://twitter.com/search?l=&q=black%20panther%20%23blackpanther%20since%3A2019-01-29%20until%3A2019-02-09&src=typd","@Lupita_Nyongo","Lupita Nyong'o","Wanted to take a moment to send gratitude to our #BlackPanther Casting Director, Sarah Finn. She is responsible for the ensemble of talents from around the globe that you see in @theblackpanther. We wouldn't have been on the #SAGAwards stage without you, Sarah! pic.twitter.com/AuO2kS1moV","33","367","3.3K","1548803300000","3:08 PM - 29 Jan 2019","/Lupita_Nyongo/status/1090386189650030593"
"1556736545-3299","https://twitter.com/search?l=&q=black%20panther%20%23blackpanther%20since%3A2019-01-29%20until%3A2019-02-09&src=typd","@theblackpanther","Black Panther","Long live the king! Use redeem code 'FOREVER' at http://www.marvel.com/redeem  to get a FREE digital bundle of five #BlackPanther comics and celebrate Wakanda Forever all month long. http://Marvel.com  account required to redeem.pic.twitter.com/jDlVFNq6yW","9","241","1.1K","1549285178000","4:59 AM - 4 Feb 2019","/theblackpanther/status/1092407332187918338"
"1556736545-3343","https://twitter.com/search?l=&q=black%20panther%20%23blackpanther%20since%3A2019-01-29%20until%3A2019-02-09&src=typd","@KosherSoul","Michael W. Twitty","The power to tell our own stories...
To be the center not the periphery
To give a new generation new standards
To be normal..
To be beautiful 
To be real...
#BlackPanther #CrazyRichAsianspic.twitter.com/L5bWzM5AxD","3","16","56","1548738505000","9:08 PM - 28 Jan 2019","/KosherSoul/status/1090114421077278720"
"1556736545-3324","https://twitter.com/search?l=&q=black%20panther%20%23blackpanther%20since%3A2019-01-29%20until%3A2019-02-09&src=typd","@mashable","Mashable","The #BlackPanther costumes are serious fashion goals pic.twitter.com/LfBEy6s5qV","4","19","85","1548848820000","3:47 AM - 30 Jan 2019","/mashable/status/1090577113181126656"
"1556736545-3291","https://twitter.com/search?l=&q=black%20panther%20%23blackpanther%20since%3A2019-01-29%20until%3A2019-02-09&src=typd","@The1stBAT","The1stBAT","Let’s go surfing now
The Black Panther is learning how
Come on a safari with Shuri...
#BlackPanther #Ironmanpic.twitter.com/na3QsFDgGQ","6","39","79","1549401969000","1:26 PM - 5 Feb 2019","/The1stBAT/status/1092897190111072262"
"1556736545-3364","https://twitter.com/search?l=&q=black%20panther%20%23blackpanther%20since%3A2019-01-29%20until%3A2019-02-09&src=typd","@noirenow","Noire Now","Black Panther won the Actor for Outstanding Performance by a Cast in a Motion Picture. #SagAwards #BlackPanther #WakandaForeverhttps://www.becauseofthemwecan.com/blogs/culture/the-king-of-wakanda-moves-everyone-with-his-speech-after-black-panther-wins-big-at-the-sag-awards …","","1","2","1548721367000","4:22 PM - 28 Jan 2019","/noirenow/status/1090042536373207040"
"1556736545-3323","https://twitter.com/search?l=&q=black%20panther%20%23blackpanther%20since%3A2019-01-29%20until%3A2019-02-09&src=typd","@IEarths","Infinite Earths","We're giving away a set of #MarvelLegends #BlackPanther figures! RT & Follow for a chance to win! All countries welcome!! Winner DM'd tomorrow! pic.twitter.com/Pr5aaMHYji","4","205","84","1548909072000","8:31 PM - 30 Jan 2019","/IEarths/status/1090829828230541313"
"1556736545-3288","https://twitter.com/search?l=&q=black%20panther%20%23blackpanther%20since%3A2019-01-29%20until%3A2019-02-09&src=typd","@SYFY","SYFY","""I wanted to be in this lonely place as long as I could."" - @michaelb4jordan #Killmonger #BlackPanther","2","14","36","1549513380000","8:23 PM - 6 Feb 2019","/SYFY/status/1093364479625113600"
"1556736545-3301","https://twitter.com/search?l=&q=black%20panther%20%23blackpanther%20since%3A2019-01-29%20until%3A2019-02-09&src=typd","@InStyle","InStyle","#MaryJBlige and #AldisHodge speak on what an Oscar for #BlackPanther would mean for the movie industry. pic.twitter.com/vZzoLVL0mL","","15","30","1549216800000","10:00 AM - 3 Feb 2019","/InStyle/status/1092120532873609217"
"1556736545-3263","https://twitter.com/search?l=&q=black%20panther%20%23blackpanther%20since%3A2019-01-29%20until%3A2019-02-09&src=typd","@BrookeGMcDonald","Brooke Geiger McDonald","#BlackPanther Star @DanaiGurira Talks Growing Up in Zimbabwe, Finding Her Passion, and the Drive to ‘Do More’ @SteppenwolfThtr #Marvel #MCU @makeitbetterns https://bit.ly/2WRkCNF pic.twitter.com/9l8GDS4ulM","","15","87","1549654895000","11:41 AM - 8 Feb 2019","/BrookeGMcDonald/status/1093958036085977088"
"1556736545-3307","https://twitter.com/search?l=&q=black%20panther%20%23blackpanther%20since%3A2019-01-29%20until%3A2019-02-09&src=typd","@GeeksOfColor","Geeks of Color","Ruth Carter on #BlackPanther’s impact! #AAFCA #AAFCAAwards10pic.twitter.com/51Vkx4twR4","","16","55","1549148241000","2:57 PM - 2 Feb 2019","/GeeksOfColor/status/1091832976621465600"
"1556736545-3302","https://twitter.com/search?l=&q=black%20panther%20%23blackpanther%20since%3A2019-01-29%20until%3A2019-02-09&src=typd","@chinchilla1970","Hannah Beachler","THANK YOU Art Directors Guild for the amazing honor for Exellence in Production Design for a Feature Fantasy Film!  Wow! What a night! Thank you to the best team ever!! We gonna keep goin’ y’all! #chinchilla1970 #BlackPanther #ADGAwardspic.twitter.com/6usxpeHvhA","9","20","131","1549209643000","8:00 AM - 3 Feb 2019","/chinchilla1970/status/1092090516143919105"
"1556736545-3268","https://twitter.com/search?l=&q=black%20panther%20%23blackpanther%20since%3A2019-01-29%20until%3A2019-02-09&src=typd","@GeeksOfColor","Geeks of Color","#BlackPanther wins the award for Best Film! #AAFCA10 #NissanDiversitypic.twitter.com/MsyAtF1XDd","2","37","164","1549522227000","10:50 PM - 6 Feb 2019","/GeeksOfColor/status/1093401588616450049"
"1556736545-3342","https://twitter.com/search?l=&q=black%20panther%20%23blackpanther%20since%3A2019-01-29%20until%3A2019-02-09&src=typd","@iamjamiefoxx","Jamie Foxx","Major congrats to the Black Panther cast on taking home top honors at last night’s SAG Awards. Incredible and very well deserved. “To be young, gifted and black.”  #SAGAwards #BlackPanther pic.twitter.com/qVVomGbWUo","25","119","989","1548741753000","10:02 PM - 28 Jan 2019","/iamjamiefoxx/status/1090128042926563328"
"1556736545-3360","https://twitter.com/search?l=&q=black%20panther%20%23blackpanther%20since%3A2019-01-29%20until%3A2019-02-09&src=typd","@JerrellZod","M'Baku the ruler.","The first #BlackPanther film is black excellence.  They achieved so much in that film that it creates a higher level of excitement for 2. I know a lot of people major antagonist and anti-heroes like Namor. Hopefully, Coogler & Marvel allow it to speak to people like the first. pic.twitter.com/WhyVGSOzPf","","1","7","1548721740000","4:29 PM - 28 Jan 2019","/JerrellZod/status/1090044100538261504"
"1556736545-3305","https://twitter.com/search?l=&q=black%20panther%20%23blackpanther%20since%3A2019-01-29%20until%3A2019-02-09&src=typd","@EW","Entertainment Weekly","#BlackPanther is returning to theaters in celebration of Black History Month http://share.ew.com/xCNxeRc","22","86","344","1549166706000","8:05 PM - 2 Feb 2019","/EW/status/1091910424059101186"
"1556736545-3356","https://twitter.com/search?l=&q=black%20panther%20%23blackpanther%20since%3A2019-01-29%20until%3A2019-02-09&src=typd","@wwsnewsreviews","What's Worth Seeing","With major #SAGAwards going to #BlackPanther & #EmilyBlunt, at least two Oscar races remain wide open, with #GlennClose and #MahershalaAli repeating their Golden Globe success and #RamiMalek getting the edge over #ChristianBale http://whatsworthseeing.com/sag-wins-for-black-panther-and-emily-blunt-cast-questions-for-oscars/ … Photos by Steve McCambridge","","1","1","1548721795000","4:29 PM - 28 Jan 2019","/wwsnewsreviews/status/1090044333846351872"
"1556736545-3326","https://twitter.com/search?l=&q=black%20panther%20%23blackpanther%20since%3A2019-01-29%20until%3A2019-02-09&src=typd","@DisneyXD","Disney XD","Black Panther would ONLY team up with White Wolf if it was to save Wakanda... and that's exactly what brings them together in a special 1hr @Marvel's Avengers: #BlackPanther's Quest!

Catch the action on Sunday, February 10th at 9pm! pic.twitter.com/zxSEewv6St","2","34","121","1548815806000","6:36 PM - 29 Jan 2019","/DisneyXD/status/1090438643515383808"
"1556736545-3351","https://twitter.com/search?l=&q=black%20panther%20%23blackpanther%20since%3A2019-01-29%20until%3A2019-02-09&src=typd","@billboard","billboard","#BlackPanther to return to theaters ahead of Oscars https://blbrd.cm/jWYYNe pic.twitter.com/MRbbUeZlcX","2","37","354","1548724207000","5:10 PM - 28 Jan 2019","/billboard/status/1090054447064072194"
"1556736545-3281","https://twitter.com/search?l=&q=black%20panther%20%23blackpanther%20since%3A2019-01-29%20until%3A2019-02-09&src=typd","@CrysCoKid","CrysCoKid","Happy #fatefriday and shout out to the incomparable @thatjayjustice. She is such an inspiration and real life superhero. #28daysofBlackCosplay #BlackCosplayerHere #doramilaje #blackpanther #archer #fatestaynightpic.twitter.com/cpERnbgNLS","1","14","38","1549634386000","5:59 AM - 8 Feb 2019","/CrysCoKid/status/1093872016388706305"
"1556736545-3314","https://twitter.com/search?l=&q=black%20panther%20%23blackpanther%20since%3A2019-01-29%20until%3A2019-02-09&src=typd","@theblackpanther","Black Panther","From Wakanda to America, young T'Challa travels to a new school, setting him on the path to becoming the #BlackPanther. Get the novel by @RonSmithbooks from @DisneyBooks now: http://bit.ly/2S0ebZU pic.twitter.com/BidqArWkBR","17","184","1.1K","1549037692000","8:14 AM - 1 Feb 2019","/theblackpanther/status/1091369301213433856"
"1556736545-3344","https://twitter.com/search?l=&q=black%20panther%20%23blackpanther%20since%3A2019-01-29%20until%3A2019-02-09&src=typd","@IEarths","Infinite Earths","We're giving away a set of #MarvelLegends #BlackPanther figures! RT & Follow for a chance to win! All countries welcome!! Winner DM'd in 3 days! pic.twitter.com/pxFuAcrKzO","7","219","95","1548734434000","8:00 PM - 28 Jan 2019","/IEarths/status/1090097343897120768"
"1556736545-3374","https://twitter.com/search?l=&q=black%20panther%20%23blackpanther%20since%3A2019-01-29%20until%3A2019-02-09&src=typd","@etalkCTV","etalk","It was a massive night for #BlackPanther at the #SAGAwardshttp://bit.ly/2DEL713","","","2","1548720017000","4:00 PM - 28 Jan 2019","/etalkCTV/status/1090036874289340416"
"1556736545-3331","https://twitter.com/search?l=&q=black%20panther%20%23blackpanther%20since%3A2019-01-29%20until%3A2019-02-09&src=typd","@IslamRizza","Rizza Islam","☇""BLACK PANTHER!""☇ - After you go and see this movie family please educate the CHILDREN about MANSA MUSA & The Black panther party.  They need to know THEIR OWN HISTORY! Trust me,  it DOES MATTER!!!  #rizzaislam #blackpanther #farrakhan #mansamusa #blackpantherpartypic.twitter.com/eHePKxWfKh","7","100","195","1548792656000","12:10 PM - 29 Jan 2019","/IslamRizza/status/1090341546023575552"
"1556736545-3337","https://twitter.com/search?l=&q=black%20panther%20%23blackpanther%20since%3A2019-01-29%20until%3A2019-02-09&src=typd","@MTVNEWS","MTV NEWS",".@lupita_nyongo talks #BlackPanther chances at the #Oscars and everything she doesn’t know about the upcoming sequelpic.twitter.com/N4ITOV0X8i","","42","95","1548775850000","7:30 AM - 29 Jan 2019","/MTVNEWS/status/1090271056936517632"
"1556736545-3362","https://twitter.com/search?l=&q=black%20panther%20%23blackpanther%20since%3A2019-01-29%20until%3A2019-02-09&src=typd","@TheNerdLys","The Nerd Lys","If you somehow didn't get to see #BlackPanther in theatres last year, now's your chance to see it for free! https://news.avclub.com/see-black-panther-for-free-when-it-returns-to-theaters-1832133505?utm_medium=SocialMarketing&utm_content=Main&utm_campaign=SF&utm_source=Facebook&fbclid=IwAR3iFFeYXw9mLoSTRsO8JvnrAR3z7wAC5VFbsvWY1rGM8GWCxeBrMUHUuxo …","","","1","1548721528000","4:25 PM - 28 Jan 2019","/TheNerdLys/status/1090043211861708806"
"1556736545-3259","https://twitter.com/search?l=&q=black%20panther%20%23blackpanther%20since%3A2019-01-29%20until%3A2019-02-09&src=typd","@DanaiGurira","Danai Gurira","Excited to be making my debut on @TheDailyShow with @TrevorNoah tonight! Catch us on @ComedyCentral at 11/10c. #BlackPanther #TheWalkingDeadpic.twitter.com/AJhnXSCZkH","110","330","3.3K","1549506078000","6:21 PM - 6 Feb 2019","/DanaiGurira/status/1093333854922903554"
"1556736545-3363","https://twitter.com/search?l=&q=black%20panther%20%23blackpanther%20since%3A2019-01-29%20until%3A2019-02-09&src=typd","@MrsCMitch","Clarene Mitchell","@SistahScholar: ""There is a level of brilliance in our Blackness we should not shy away from. Seeing the movie showed us this.""
Ref: #BlackPanther win at #SAGAwards 
#BlackExcellence #WakandaForever 
@rolandsmartin #RolandMartinUnfilteredpic.twitter.com/98NpkItMFH","","3","6","1548721405000","4:23 PM - 28 Jan 2019","/MrsCMitch/status/1090042696469745665"
"1556736545-3372","https://twitter.com/search?l=&q=black%20panther%20%23blackpanther%20since%3A2019-01-29%20until%3A2019-02-09&src=typd","@thatssomika","Mika","Folkes we're headed the theaters again!!! #BlackPanther #BlackHistoryMonth #WakandaForeverhttps://twitter.com/MarvelStudios/status/1089976419612995584 …","","","1","1548720266000","4:04 PM - 28 Jan 2019","/thatssomika/status/1090037917660168193"
"1556736545-3352","https://twitter.com/search?l=&q=black%20panther%20%23blackpanther%20since%3A2019-01-29%20until%3A2019-02-09&src=typd","@MCU_Direct","MCU Direct","Return of Killmonger? @michaelb4jordan will reprise his role as Erick Killmonger in the #BlackPanther sequel, claims actor @CourtneyBVance!  http://bit.ly/2RVMu4b pic.twitter.com/Tlbb7gDvv5","105","878","3.7K","1548723525000","4:58 PM - 28 Jan 2019","/MCU_Direct/status/1090051586561400833"
"1556736545-3270","https://twitter.com/search?l=&q=black%20panther%20%23blackpanther%20since%3A2019-01-29%20until%3A2019-02-09&src=typd","@THR","Hollywood Reporter","#BlackPanther is returning to AMC big screens for 1 week starting now through 2/7. See the film, nominated for 7 #AcademyAwards including Best Picture, free of charge in celebration of #BlackHistoryMonth. More details on: http://thr.cm/PH7x8p  Presented by @MarvelStudios #adpic.twitter.com/Mqst0cDkqj","5","56","133","1549506271000","6:24 PM - 6 Feb 2019","/THR/status/1093334663026814976"
"1556736545-3295","https://twitter.com/search?l=&q=black%20panther%20%23blackpanther%20since%3A2019-01-29%20until%3A2019-02-09&src=typd","@EvNarc","Evan Narcisse","Spotted this #BlackPanther movie poster in a bus stop at 135 and Lenox. Still up for probably more than a year. Don’t think it should ever get swapped out, tbh. pic.twitter.com/BN0Nuvvq32","1","9","47","1549336056000","7:07 PM - 4 Feb 2019","/EvNarc/status/1092620730691477505"
"1556736545-3260","https://twitter.com/search?l=&q=black%20panther%20%23blackpanther%20since%3A2019-01-29%20until%3A2019-02-09&src=typd","@Lupita_Nyongo","Lupita Nyong'o","Love this Nakia-Killmonger mash-up  #FanArtFriday #BlackPanther

Credit: http://instagram.com/zepeto.black pic.twitter.com/dxyoXF4n4f","20","259","2.6K","1549650526000","10:28 AM - 8 Feb 2019","/Lupita_Nyongo/status/1093939711486226433"
"1556736545-3335","https://twitter.com/search?l=&q=black%20panther%20%23blackpanther%20since%3A2019-01-29%20until%3A2019-02-09&src=typd","@ForestWhitaker","Forest Whitaker","So proud to be part of the #BlackPanther family! Congrats to everyone for making this amazing movie happen! #WakandaForever #SAGAwardshttps://twitter.com/chadwickboseman/status/1090144097464172544 …","9","40","232","1548783911000","9:45 AM - 29 Jan 2019","/ForestWhitaker/status/1090304864943517698"
"1556736545-3367","https://twitter.com/search?l=&q=black%20panther%20%23blackpanther%20since%3A2019-01-29%20until%3A2019-02-09&src=typd","@fansonpatrol","Fans on Patrol","Glass Episode 224 http://podbean.com/media/share/pb … #GlassMovie #ResidentEvil2 #BlackPanther #OscarNoms⁠ ⁠ #VoltronLegendaryDefender #Marvel #GuardiansOfTheGalaxy #podcast #movie #film #PodernFamilypic.twitter.com/NRKzsm0AZp","","2","3","1548720913000","4:15 PM - 28 Jan 2019","/fansonpatrol/status/1090040634818342912"
"1556736545-3358","https://twitter.com/search?l=&q=black%20panther%20%23blackpanther%20since%3A2019-01-29%20until%3A2019-02-09&src=typd","@akuyoegraham","Akuyoe Graham","In honor of #BlackHistoryMonth, #BlackPanther is coming back to theaters w/ free screenings! https://bit.ly/2Rp4eji pic.twitter.com/YnppiSp8CI","","","2","1548721750000","4:29 PM - 28 Jan 2019","/akuyoegraham/status/1090044144431570944"
"1556736545-3369","https://twitter.com/search?l=&q=black%20panther%20%23blackpanther%20since%3A2019-01-29%20until%3A2019-02-09&src=typd","@Rowser76","Sarah Jayne","Sterling wasn't robbed. He was on stage as part of two ensemble casts for both #ThisIsUs and #BlackPanther I say that is a good night!","1","","4","1548720606000","4:10 PM - 28 Jan 2019","/Rowser76/status/1090039343291551750"
"1556736545-3276","https://twitter.com/search?l=&q=black%20panther%20%23blackpanther%20since%3A2019-01-29%20until%3A2019-02-09&src=typd","@MeinerdingArt","Ryan Meinerding","Check out costumes from #BlackPanther and #InfinityWar at @FIDMMuseum now through April 12thhttps://twitter.com/iamRuthECarter/status/1092536288178102273 …","4","15","95","1549477187000","10:19 AM - 6 Feb 2019","/MeinerdingArt/status/1093212674907725824"
"1556736545-3361","https://twitter.com/search?l=&q=black%20panther%20%23blackpanther%20since%3A2019-01-29%20until%3A2019-02-09&src=typd","@KngWzr_D","The_Shaman_The_Griot","I have the Blu-Ray and it is on my list on @Netflix but I will be in an @AMCTheatres a few times in that timeframe to see #BlackPanther again and again on the big screen! https://twitter.com/msdanifernandez/status/1089980645814677505 …","1","","1","1548721627000","4:27 PM - 28 Jan 2019","/KngWzr_D/status/1090043629165572097"
"1556736545-3370","https://twitter.com/search?l=&q=black%20panther%20%23blackpanther%20since%3A2019-01-29%20until%3A2019-02-09&src=typd","@MCUUpdate","MCU Updates","The fans aren't too happy about it. #BlackPanther https://buff.ly/2FUXCbh","3","12","30","1548720301000","4:05 PM - 28 Jan 2019","/MCUUpdate/status/1090038064116875264"
"1556736545-3365","https://twitter.com/search?l=&q=black%20panther%20%23blackpanther%20since%3A2019-01-29%20until%3A2019-02-09&src=typd","@InfinityWarFans","Infinity War Fans","Will you be checking it out? #BlackPanther http://j.mp/2Ws9uGB","","1","6","1548721200000","4:20 PM - 28 Jan 2019","/InfinityWarFans/status/1090041838587789312"
"1556736545-3315","https://twitter.com/search?l=&q=black%20panther%20%23blackpanther%20since%3A2019-01-29%20until%3A2019-02-09&src=typd","@tictoc","TicToc by Bloomberg","#BlackPanther is coming back to some U.S. theaters for free to celebrate #BlackHistoryMonthpic.twitter.com/km9gidLipE","3","44","83","1549029905000","6:05 AM - 1 Feb 2019","/tictoc/status/1091336638612078592"
"1556736545-3366","https://twitter.com/search?l=&q=black%20panther%20%23blackpanther%20since%3A2019-01-29%20until%3A2019-02-09&src=typd","@charliecapen","Charlie Capen","This is very cool. Maybe for those of us who can afford it, let's donate our ticket $$$ to the @UNCF on top of that... Who's with me? #BlackPanther https://twitter.com/RobertIger/status/1089976483316084737 …","3","17","104","1548720936000","4:15 PM - 28 Jan 2019","/charliecapen/status/1090040727583637505"
"1556736545-3327","https://twitter.com/search?l=&q=black%20panther%20%23blackpanther%20since%3A2019-01-29%20until%3A2019-02-09&src=typd","@TheRochaSays","John Steven Rocha","Just heard an angry guy compare #BlackPanther possibly winning the #Oscar for Best Picture to Crash winning it in 2004. People are so triggered by this movie. I am here for all of it. Laughing my butt off at the idiocy of thinking that those two films are in any way correlative.","93","69","745","1548811498000","5:24 PM - 29 Jan 2019","/TheRochaSays/status/1090420573123956736"
"1556736545-3371","https://twitter.com/search?l=&q=black%20panther%20%23blackpanther%20since%3A2019-01-29%20until%3A2019-02-09&src=typd","@iammikedup","Mix","Would ya look at these group of fine and talented POC actors #BlackPanther #CrazyRichAsianshttps://twitter.com/gemma_chan/status/1090022299628011520 …","1","2","3","1548720297000","4:04 PM - 28 Jan 2019","/iammikedup/status/1090038048824320000"
"1556736545-3349","https://twitter.com/search?l=&q=black%20panther%20%23blackpanther%20since%3A2019-01-29%20until%3A2019-02-09&src=typd","@Complex","Complex","FREE MOVIE ALERT 

#BlackPanther will be returning to select AMC Theaters for a week of FREE showings: https://trib.al/EllAlVK pic.twitter.com/JATjRdtaYl","10","119","391","1548727368000","6:02 PM - 28 Jan 2019","/Complex/status/1090067706731204609"
"1556736545-3271","https://twitter.com/search?l=&q=black%20panther%20%23blackpanther%20since%3A2019-01-29%20until%3A2019-02-09&src=typd","@sigmapoet1914","Doug","Thank you so much for taking the picture with me today @DanaiGurira . I respect your beautiful talents as an actress and your work for #LoveOurGirls .  #BlackPanther #TheWalkingDeadpic.twitter.com/oVEwV9Et3i","","14","76","1549504923000","6:02 PM - 6 Feb 2019","/sigmapoet1914/status/1093329007561658368"
"1556736545-3329","https://twitter.com/search?l=&q=black%20panther%20%23blackpanther%20since%3A2019-01-29%20until%3A2019-02-09&src=typd","@DanaiGurira","Danai Gurira","Had to send some love out to this Fabulous Four. Thank you for using your art to help create an unforgettable night!  #sagawards #blackpanther

L-R: @tcarterphillips (style), 
@makeupbytym, #sreyninpeng (), @LarryJarahSims ().pic.twitter.com/j3Br9Duem0","46","288","2.7K","1548799123000","1:58 PM - 29 Jan 2019","/DanaiGurira/status/1090368668402364417"
"1556736545-3313","https://twitter.com/search?l=&q=black%20panther%20%23blackpanther%20since%3A2019-01-29%20until%3A2019-02-09&src=typd","@CarrieCnh12","Carolyn Hinds.","Celebrate #BlackHistoryMonth by seeing one of the best movies ever made, #BlackPanther #WakandaForeverhttps://twitter.com/MarvelStudios/status/1089976419612995584 …","","20","43","1549037765000","8:16 AM - 1 Feb 2019","/CarrieCnh12/status/1091369605245878272"
"1556736545-3336","https://twitter.com/search?l=&q=black%20panther%20%23blackpanther%20since%3A2019-01-29%20until%3A2019-02-09&src=typd","@breakfastclubam","The Breakfast Club","#BlackPanther is returning to theaters for FREE during #BlackHistoryMonth! Find out how you can get http://ihr.fm/2WpbqQi pic.twitter.com/RyrnW0JHag","10","34","68","1548777295000","7:54 AM - 29 Jan 2019","/breakfastclubam/status/1090277116032307201"
"1556736545-3332","https://twitter.com/search?l=&q=black%20panther%20%23blackpanther%20since%3A2019-01-29%20until%3A2019-02-09&src=typd","@TheRoot","The Root","250 AMC Theaters across the U.S. will be hosting free screenings of #BlackPanther during the first week of February.

START YOUR #BlackHistoryMonth IN WAKANDA! https://trib.al/FmvyM8B pic.twitter.com/yhMpkXHrXq","6","105","240","1548789685000","11:21 AM - 29 Jan 2019","/TheRoot/status/1090329082607423491"
"1556736545-3373","https://twitter.com/search?l=&q=black%20panther%20%23blackpanther%20since%3A2019-01-29%20until%3A2019-02-09&src=typd","@devillenews","Nancy DeVille","Need another trip to #Wakanda? #BlackPanther returns to theaters for free screenings to commemorate #BlackHistoryMonth. #WakandaForeverhttps://www.latimes.com/entertainment/herocomplex/la-et-hc-black-panther-free-screenings-20190128-story.html …","","2","2","1548720128000","4:02 PM - 28 Jan 2019","/devillenews/status/1090037338812473344"
"1556736545-3346","https://twitter.com/search?l=&q=black%20panther%20%23blackpanther%20since%3A2019-01-29%20until%3A2019-02-09&src=typd","@etnow","Entertainment Tonight","#BlackPanther is returning to movie theaters.  Literally #WakandaForever!https://et.tv/2CRiQmx","2","31","105","1548730169000","6:49 PM - 28 Jan 2019","/etnow/status/1090079456105021440"
"1556736545-3347","https://twitter.com/search?l=&q=black%20panther%20%23blackpanther%20since%3A2019-01-29%20until%3A2019-02-09&src=typd","@thrstyle","Hollywood Reporter Style","#SAGAwards best-dressed: #BlackPanther winner @DanaiGurira channeled old Hollywood glamour in @RalphAndRusso feathers with classic Bulgari diamonds http://thr.cm/TJdPj5 pic.twitter.com/7Qn8o9X9l4","2","47","133","1548728104000","6:15 PM - 28 Jan 2019","/thrstyle/status/1090070792338067458"
"1556736545-3279","https://twitter.com/search?l=&q=black%20panther%20%23blackpanther%20since%3A2019-01-29%20until%3A2019-02-09&src=typd","@needledesign","N E E D L E","Here are this weeks #Oscars2019 poster ive designed.
See more on my Twitter feed / instagram @needledesign 

#BlackPanther
#ROMA
#Blackkklansman 

@CriterionDaily @CreativeReview @digital_arts @ComputerArts @idnworld @PostGraphics @nytgraphics @TheAcademy pic.twitter.com/UxyDybmFor","1","24","88","1549659474000","12:57 PM - 8 Feb 2019","/needledesign/status/1093977241183289350"
"1556736545-3265","https://twitter.com/search?l=&q=black%20panther%20%23blackpanther%20since%3A2019-01-29%20until%3A2019-02-09&src=typd","@ObiomaUgoala","Ougoala","Just casual reminder that it’s not even been a year since #BlackPanther came out, yet it’s effect has been so widespread it feels like we’ve had it in the cultural conversation for years.

People like diverse stories. 

Write them.

Commission them.

Produce them.

#HappyFridaypic.twitter.com/s083GSmqDu","","9","78","1549637970000","6:59 AM - 8 Feb 2019","/ObiomaUgoala/status/1093887048388366336"
"1556736545-3289","https://twitter.com/search?l=&q=black%20panther%20%23blackpanther%20since%3A2019-01-29%20until%3A2019-02-09&src=typd","@GeeksOfColor","Geeks of Color",".@ava takes the stage to present Ryan Coogler with the Best Director Award! #AAFCA #BlackPanther pic.twitter.com/onR9iAcPee","","8","48","1549511316000","7:48 PM - 6 Feb 2019","/GeeksOfColor/status/1093355823172997120"
"1556736545-3309","https://twitter.com/search?l=&q=black%20panther%20%23blackpanther%20since%3A2019-01-29%20until%3A2019-02-09&src=typd","@FALSE9LEO","pranav","Hear me out. Ladies and gentleman, the next Black Panther.
Here’s my pick for #BlackPanther pic.twitter.com/LIioROxWGm","6","20","74","1549108764000","3:59 AM - 2 Feb 2019","/FALSE9LEO/status/1091667399114440704"
"1556736545-3368","https://twitter.com/search?l=&q=black%20panther%20%23blackpanther%20since%3A2019-01-29%20until%3A2019-02-09&src=typd","@RadiosMisfits","Radio Misfits","#CaffeinatedComics: #BlackPanther is nominated for #BestPicture! Is it 
a  nod to diversity, geekdom or a bid for ratings? Why doesn't anyone 
want to host the show? #HughLaurie's indiscretions, 
#DavidLetterman's  heart problems & more #Marvel Legends!https://radiomisfits.com/cc107","","1","3","1548720662000","4:11 PM - 28 Jan 2019","/RadiosMisfits/status/1090039580747804672"
"1556736545-3339","https://twitter.com/search?l=&q=black%20panther%20%23blackpanther%20since%3A2019-01-29%20until%3A2019-02-09&src=typd","@nowthisnews","NowThis","Watch @chadwickboseman’s emotional acceptance speech on behalf of the #BlackPanther cast pic.twitter.com/5yGj16QEEd","8","212","720","1548772380000","6:33 AM - 29 Jan 2019","/nowthisnews/status/1090256501271187456"
"1556736545-3359","https://twitter.com/search?l=&q=black%20panther%20%23blackpanther%20since%3A2019-01-29%20until%3A2019-02-09&src=typd","@BillEDawson","Bill E. Dawson","If you are the one person who hasn’t seen #BlackPanther – no more excuses! https://twitter.com/RobertIger/status/1089976483316084737 …","","","1","1548721740000","4:29 PM - 28 Jan 2019","/BillEDawson/status/1090044100798304257"
"1556736545-3297","https://twitter.com/search?l=&q=black%20panther%20%23blackpanther%20since%3A2019-01-29%20until%3A2019-02-09&src=typd","@BleedingFool","Bleeding Fool","Just like they did for #BlackPanther, activists are now promoting the #CaptainMarvelChallenge in order to allow kids to see the film for free!

Hmm. Did they ever do this for #WonderWoman? 

#CaptainMarvel #movies #SuperBowlAds #GirlBoss #MCU #marvelcomicshttps://bleedingfool.com/movies-tv-film/captainmarvelchallenge/ …","30","23","81","1549288126000","5:48 AM - 4 Feb 2019","/BleedingFool/status/1092419695192485888"
"1556736545-3319","https://twitter.com/search?l=&q=black%20panther%20%23blackpanther%20since%3A2019-01-29%20until%3A2019-02-09&src=typd","@DanaiGurira","Danai Gurira","I’m hanging out with @jimmyfallon tonight. Join us! 

@FallonTonight #NBC 11:35 PM ET #TheWalkingDead #BlackPanther pic.twitter.com/GNlt5AFmNN","112","476","5.7K","1548978976000","3:56 PM - 31 Jan 2019","/DanaiGurira/status/1091123025947308033"
"1556736545-3266","https://twitter.com/search?l=&q=black%20panther%20%23blackpanther%20since%3A2019-01-29%20until%3A2019-02-09&src=typd","@RickeySmiley","Rickey Smiley","Here’s why @Michaelb4Jordan went to therapy when he was done filming #BlackPanther: http://bit.ly/2MSHxU4","5","15","78","1549596600000","7:30 PM - 7 Feb 2019","/RickeySmiley/status/1093713530107252736"
"1556736545-3290","https://twitter.com/search?l=&q=black%20panther%20%23blackpanther%20since%3A2019-01-29%20until%3A2019-02-09&src=typd","@VettriTheatres","Rakesh Gowthaman","Thanks for all the feedback reg #ThrowBackHitsInVettri

Most requested #MCU movie other than #InfinityWar & #Avengers !!!

Ranking - 
#CivilWar
#ThorRagnarok
#BlackPanther
#DrStrange
#GOTG V1
#IronMan 2008

Will check with production house reg content readiness and announce dates","10","18","311","1549426293000","8:11 PM - 5 Feb 2019","/VettriTheatres/status/1092999211904204800"
"1556736545-3296","https://twitter.com/search?l=&q=black%20panther%20%23blackpanther%20since%3A2019-01-29%20until%3A2019-02-09&src=typd","@DinnerPodcast","Dinner And A Podcast","Episode 114- The First Annual Dinnie Awards...Our #Oscars !! #np on #SoundCloud #BlackPanther #greenbook #bestpicture #AwardsSeason #bestcartoon #AStarIsBorn #roma #AvengersEndgame #ihopnetwork #PodernFamilyhttps://soundcloud.com/user-511527320/episode-114-the-first-annual-dinnie-awardsour-oscars …","","66","46","1549331045000","5:44 PM - 4 Feb 2019","/DinnerPodcast/status/1092599713277362176"
"1556736545-3287","https://twitter.com/search?l=&q=black%20panther%20%23blackpanther%20since%3A2019-01-29%20until%3A2019-02-09&src=typd","@DanaiMedia","Danai Gurira Fans ✨","Watch @DanaiGurira talk  #BlackPanther, #TheWalkingDead, and #LoveOurGirls in this extended interview on  @TheDailyShow With Trevor Noahhttp://www.cc.com/video-clips/rmu2dy/the-daily-show-with-trevor-noah-danai-gurira---nurturing-awareness-with-love-our-girls---extended-interview …","","18","31","1549515880000","9:04 PM - 6 Feb 2019","/DanaiMedia/status/1093374967704678400"
"1556736545-3322","https://twitter.com/search?l=&q=black%20panther%20%23blackpanther%20since%3A2019-01-29%20until%3A2019-02-09&src=typd","@JLBarrow","Jerry L Barrow","This is dope.  #blackpanther #crazyrichasianspic.twitter.com/gxoQs1OYli","1","30","81","1548910380000","8:53 PM - 30 Jan 2019","/JLBarrow/status/1090835314753585153"
"1556736545-3320","https://twitter.com/search?l=&q=black%20panther%20%23blackpanther%20since%3A2019-01-29%20until%3A2019-02-09&src=typd","@DisneyD23","Disney D23","#BlackPanther is headed back to theaters, and you can watch it for FREE! Plus, check out Bo Peep's new look for #ToyStory4 and more Disney news you can't miss: https://bit.ly/2BefdXF pic.twitter.com/KnhbZM6Xgv","4","26","182","1548963485000","11:38 AM - 31 Jan 2019","/DisneyD23/status/1091058054575972352"
"1556736545-3308","https://twitter.com/search?l=&q=black%20panther%20%23blackpanther%20since%3A2019-01-29%20until%3A2019-02-09&src=typd","@GeeksOfColor","Geeks of Color","Ruth Carter wins the innovator of the year award for her Oscar nominated work in #BlackPanther! #AAFCApic.twitter.com/t70KdjiZnO","","14","60","1549147538000","2:45 PM - 2 Feb 2019","/GeeksOfColor/status/1091830026658471936"
"1556736545-3340","https://twitter.com/search?l=&q=black%20panther%20%23blackpanther%20since%3A2019-01-29%20until%3A2019-02-09&src=typd","@shadowandact","Shadow And Act","#BlackPanther is coming back to theaters for FREE as @Disney pledges $1.5M to the @UNCF. https://buff.ly/2WrqrRD pic.twitter.com/FhUiJvjgn0","","46","87","1548772223000","6:30 AM - 29 Jan 2019","/shadowandact/status/1090255841381490688"
"1556736545-3350","https://twitter.com/search?l=&q=black%20panther%20%23blackpanther%20since%3A2019-01-29%20until%3A2019-02-09&src=typd","@gemma_chan","Gemma Chan","The power of representation.
#CrazyRichAsians #BlackPanther #SAGAwardshttps://twitter.com/MatthewACherry/status/1089895819493416960 …","21","878","4.1K","1548727235000","6:00 PM - 28 Jan 2019","/gemma_chan/status/1090067148146380800"
"1556736545-3292","https://twitter.com/search?l=&q=black%20panther%20%23blackpanther%20since%3A2019-01-29%20until%3A2019-02-09&src=typd","@TheStarkOne","Tony Stark","Black....Panther...?
#BlackPanther pic.twitter.com/QOfGYBdg1B","3","21","92","1549392592000","10:49 AM - 5 Feb 2019","/TheStarkOne/status/1092857857551273985"
"1556736545-3285","https://twitter.com/search?l=&q=black%20panther%20%23blackpanther%20since%3A2019-01-29%20until%3A2019-02-09&src=typd","@wmag","W magazine","In conversation with the woman who brought #BlackPanther's costumes to life, Ruth Carter. http://wmag.cm/pw7NcPX","","6","21","1549563304000","10:15 AM - 7 Feb 2019","/wmag/status/1093573878373384193"
"1556736545-3293","https://twitter.com/search?l=&q=black%20panther%20%23blackpanther%20since%3A2019-01-29%20until%3A2019-02-09&src=typd","@GMA","Good Morning America","HEY AMERICA! 

Have photos or videos of your kids dressed in all-out #BlackPanther gear? We want to see those pics and videos!

TWEET US and use #BlackPantherOnGMA!pic.twitter.com/JKheJHPq8i","6","14","53","1549387220000","9:20 AM - 5 Feb 2019","/GMA/status/1092835328820477959"
"1556736545-3325","https://twitter.com/search?l=&q=black%20panther%20%23blackpanther%20since%3A2019-01-29%20until%3A2019-02-09&src=typd","@EvNarc","Evan Narcisse","One year ago, one of the best Peak Life Events ever: getting to go to the #BlackPanther movie premiere, thanks to ⁦@MdellW⁩.pic.twitter.com/SastZUlgzq","4","11","127","1548823198000","8:39 PM - 29 Jan 2019","/EvNarc/status/1090469645893672962"
"1556736545-3272","https://twitter.com/search?l=&q=black%20panther%20%23blackpanther%20since%3A2019-01-29%20until%3A2019-02-09&src=typd","@THR","Hollywood Reporter",".@michaelb4jordan is going from #BlackPanther to 'Black Leopard, Red Wolf.' The actor-turned-producer will produce the adaptation of the book that came out Tuesday http://thr.cm/1bZ5CY","2","67","125","1549496710000","3:45 PM - 6 Feb 2019","/THR/status/1093294559772270592"
"1556736545-3306","https://twitter.com/search?l=&q=black%20panther%20%23blackpanther%20since%3A2019-01-29%20until%3A2019-02-09&src=typd","@nowthisnews","NowThis","Watch @chadwickboseman’s emotional acceptance speech on behalf of the #BlackPanther cast pic.twitter.com/voR4Q8Pqd1","7","113","448","1549157580000","5:33 PM - 2 Feb 2019","/nowthisnews/status/1091872146312257538"
"1556736545-3269","https://twitter.com/search?l=&q=black%20panther%20%23blackpanther%20since%3A2019-01-29%20until%3A2019-02-09&src=typd","@IndieWire","IndieWire","Michael B. Jordan explains how therapy helped him after wrapping on #BlackPanther: ""Therapy, just talking to somebody just helped me out a lot. As a man you get a lot of slack for it. I don’t really subscribe to that. Everyone needs to unpack and talk.” http://bit.ly/2HZkNTE pic.twitter.com/rjeJwJDW5r","1","49","113","1549514700000","8:45 PM - 6 Feb 2019","/IndieWire/status/1093370015955468289"
"1556736545-3345","https://twitter.com/search?l=&q=black%20panther%20%23blackpanther%20since%3A2019-01-29%20until%3A2019-02-09&src=typd","@MCU_Direct","MCU Direct","""Be ready."" The sequel to #BlackPanther is already being hyped up by actor @SterlingKBrown, relating the upcoming film to the worthy follow-up ""The Godfather Part II.""  http://bit.ly/2MDYK3r pic.twitter.com/5rZyngxkF2","69","595","3.1K","1548731027000","7:03 PM - 28 Jan 2019","/MCU_Direct/status/1090083054822019072"
"1556736545-3353","https://twitter.com/search?l=&q=black%20panther%20%23blackpanther%20since%3A2019-01-29%20until%3A2019-02-09&src=typd","@DanaiGurira","Danai Gurira","Welp! Then that happened!! Thank you to our fellow Actors for this incredible recognition! I’m grateful to be able to do the work I love with so many people I admire and respect. And because it can’t be said enough: WAKANDA FOREVER! 

#BlackPanther #SAGAwardspic.twitter.com/E2WDH15vDm","169","1.4K","9.0K","1548722220000","4:37 PM - 28 Jan 2019","/DanaiGurira/status/1090046115339296769"
"1556736545-3283","https://twitter.com/search?l=&q=black%20panther%20%23blackpanther%20since%3A2019-01-29%20until%3A2019-02-09&src=typd","@mayasworld","Shameless Maya","#ThrowbackThursday - Celebrating Kathleen Cleaver, Communications Secretary for the #BlackPanther #BlackHistoryMonthpic.twitter.com/kPm5prE77C","1","15","72","1549592101000","6:15 PM - 7 Feb 2019","/mayasworld/status/1093694661091311616"
"1556736545-3273","https://twitter.com/search?l=&q=black%20panther%20%23blackpanther%20since%3A2019-01-29%20until%3A2019-02-09&src=typd","@spann","James Spann","Epic day with my Super Hero friends Spider-Man and Black Panther from @MarvelUniverseLive 

#MarvelUniverseLive
#MarvelOnTour #BlackPanther #SpiderManpic.twitter.com/oih0T1gH84","1","4","70","1549482500000","11:48 AM - 6 Feb 2019","/spann/status/1093234959345696768"
"1556736545-3375","https://twitter.com/search?l=&q=black%20panther%20%23blackpanther%20since%3A2019-01-29%20until%3A2019-02-09&src=typd","@TomatazosCom","Tomatazos","#BlackPanther ganó el premio al Mejor Elenco en los #SAGAwards, pero los actores no agradecieron a #StanLee y los fans de #Marvel están furiosos : ------>http://bit.ly/2WrXCnZ","","","5","1548720000000","4:00 PM - 28 Jan 2019","/TomatazosCom/status/1090036802545729536"
"1556736545-3318","https://twitter.com/search?l=&q=black%20panther%20%23blackpanther%20since%3A2019-01-29%20until%3A2019-02-09&src=typd","@xeni","Xeni","See 'Black Panther' in theaters for free! #BlackPanther plays for free at 250 movie theaters for 1 week starting Friday February 1. Walt Disney Company is also granting $1.5 million to the United Negro College Fund. https://boingboing.net/2019/01/31/see-black-panther-on-the-big-s.html …pic.twitter.com/JW5M5vpvN2","1","17","43","1548988261000","6:31 PM - 31 Jan 2019","/xeni/status/1091161972551413760"
"1556736545-3333","https://twitter.com/search?l=&q=black%20panther%20%23blackpanther%20since%3A2019-01-29%20until%3A2019-02-09&src=typd","@ToddNauck","Todd Nauck","Disney Cruise Lines’ “Marvel Day at Sea” offered cool character photo ops. I couldn’t make it to meet up with Spider-Man, Black Panther, Iron Man, and Groot... 
So I sent my ""pal"", Peter B. Parker!!! 
#spiderman #blackpanther #peterbparker #marvel #disneycruisepic.twitter.com/lRyVcxTtez","24","266","1.1K","1548784842000","10:00 AM - 29 Jan 2019","/ToddNauck/status/1090308768401743872"
"1556736545-3312","https://twitter.com/search?l=&q=black%20panther%20%23blackpanther%20since%3A2019-01-29%20until%3A2019-02-09&src=typd","@MTV","MTV",".@Lupita_Nyongo sat down with @JoshuaHorowitz to discuss the much-deserved success of #BlackPanther and the upcoming sequel. pic.twitter.com/iwgYvHSu5f","1","15","164","1549044900000","10:15 AM - 1 Feb 2019","/MTV/status/1091399532099690498"
"1556736545-3303","https://twitter.com/search?l=&q=black%20panther%20%23blackpanther%20since%3A2019-01-29%20until%3A2019-02-09&src=typd","@arttavana","Art Tavana","""Black Panther"" shouldn't be nominated for an Oscar. It's an average movie, actually, it was bad. It's being nominated because we live in a county where cinema is a propaganda tool, not an artistic medium. Politics > art. #Oscars #BlackPanther","9","15","70","1549180842000","12:00 AM - 3 Feb 2019","/arttavana/status/1091969712953614336"
"1556736545-3357","https://twitter.com/search?l=&q=black%20panther%20%23blackpanther%20since%3A2019-01-29%20until%3A2019-02-09&src=typd","@mrshawnfrank","Shawn J. Frank","This is why Black Panther became a movement instead of just another super hero movie! #blackpanther #WakandaForever #marvel #shuri #sagawards #MondayMotivation #stanlee #tchalla #Killmongerhttps://twitter.com/tntdrama/status/1089721025162432512 …","","","1","1548721787000","4:29 PM - 28 Jan 2019","/mrshawnfrank/status/1090044298807136256"
"1556736545-3282","https://twitter.com/search?l=&q=black%20panther%20%23blackpanther%20since%3A2019-01-29%20until%3A2019-02-09&src=typd","@ComicBook","Comicbook.com","Wakanda forever! Free #BlackPanther comics are now being offered by Marvel in celebration of #BlackHistoryMonth. How to get yours: 

https://comicbook.com/marvel/2019/02/07/marvel-free-black-panther-comics-black-history-month/ …pic.twitter.com/AMl8b07Ca8","1","15","42","1549593900000","6:45 PM - 7 Feb 2019","/ComicBook/status/1093702205004177409"
"1556736545-3321","https://twitter.com/search?l=&q=black%20panther%20%23blackpanther%20since%3A2019-01-29%20until%3A2019-02-09&src=typd","@DanaiGurira","Danai Gurira","In case you missed it, #BlackPanther is back in theaters tomorrow! For FREE. For EVERYONE. Here's what you do --> http://weticketit.com/blackpanther .  https://twitter.com/MarvelStudios/status/1089976419612995584 …","47","690","2.6K","1548954200000","9:03 AM - 31 Jan 2019","/DanaiGurira/status/1091019108903194625"
"1556736545-3376","https://twitter.com/search?l=&q=black%20panther%20%23blackpanther%20since%3A2019-01-29%20until%3A2019-02-09&src=typd","null","null","null","null","null","null","null","null","null"
"1556736545-3262","https://twitter.com/search?l=&q=black%20panther%20%23blackpanther%20since%3A2019-01-29%20until%3A2019-02-09&src=typd","@JazzBatman","Jazzthebat","Proud to be part of The Space Between: Celebrating Black Womxn in Geekdom 
Follow @TaLynnKel to check out more from this project! 
#28daysofBlackCosplay #BlackGirlGeekOut #CosplayAnyWay #GeekDifferently #BreakingNormal #BlackPanther #mbaku #cosplayingwhileblackpic.twitter.com/QjzRzRV0fo","4","106","272","1549655546000","11:52 AM - 8 Feb 2019","/JazzBatman/status/1093960768654110720"
"1556736545-3294","https://twitter.com/search?l=&q=black%20panther%20%23blackpanther%20since%3A2019-01-29%20until%3A2019-02-09&src=typd","@marieclaire","Marie Claire",".@Lupita_Nyongo is our March cover star! The #BlackPanther star opens up about her love of horror films, confronting her fears, and why ""you must always go where you're loved"". http://mrie.cl/o88XrFu pic.twitter.com/yMTf9e4lr6","7","87","195","1549372190000","5:09 AM - 5 Feb 2019","/marieclaire/status/1092772285440843776"
"1556736545-3298","https://twitter.com/search?l=&q=black%20panther%20%23blackpanther%20since%3A2019-01-29%20until%3A2019-02-09&src=typd","@Marvel","Marvel Entertainment","Long live the king! Use redeem code 'FOREVER' at http://www.marvel.com/redeem  to get a FREE digital bundle of five #BlackPanther comics and celebrate Wakanda Forever all month long. http://Marvel.com  account required to redeem.pic.twitter.com/9DKSscB7lC","13","240","1.4K","1549285178000","4:59 AM - 4 Feb 2019","/Marvel/status/1092407332926033920"
"1556736545-3355","https://twitter.com/search?l=&q=black%20panther%20%23blackpanther%20since%3A2019-01-29%20until%3A2019-02-09&src=typd","@CityNewsVAN","CityNews Vancouver","#BlackPanther took home outstanding performance by a cast at the #SAGAwards Sunday night. @devobrown has a full recap of the show.https://www.citynews1130.com/video/2019/01/28/black-panther-wins-big-at-the-sag-awards/ …","","1","1","1548721800000","4:30 PM - 28 Jan 2019","/CityNewsVAN/status/1090044353505083393"
